{"cameraMode":{"drawMode":2,"name":"Shaded Wireframe","section":"Shading Mode"},"sceneLighting":true,"audioPlay":false,"sceneViewState":{"showFog":true,"showMaterialUpdate":false,"showSkybox":true,"showFlares":true,"showImageEffects":true,"showParticleSystems":true},"in2DMode":false,"pivot":{"x":-6.2966227531433109,"y":-1.489610195159912,"z":91.40066528320313},"rotation":{"x":-0.04229122772812843,"y":0.01708086021244526,"z":-0.0007215344812721014,"w":-0.9989669322967529},"size":35.034019470214847,"orthographic":false}