{"cameraMode":{"drawMode":2,"name":"Shaded Wireframe","section":"Shading Mode"},"sceneLighting":true,"audioPlay":false,"sceneViewState":{"showFog":true,"showMaterialUpdate":false,"showSkybox":true,"showFlares":true,"showImageEffects":true,"showParticleSystems":true},"in2DMode":false,"pivot":{"x":0.26620006561279299,"y":0.17436467111110688,"z":91.289306640625},"rotation":{"x":-0.0018095915438607336,"y":-0.009903427213430405,"z":0.000019325509128975682,"w":-0.9999555945396423},"size":4.3142290115356449,"orthographic":false}