{"cameraMode":{"drawMode":2,"name":"Shaded Wireframe","section":"Shading Mode"},"sceneLighting":true,"audioPlay":false,"sceneViewState":{"showFog":true,"showMaterialUpdate":false,"showSkybox":true,"showFlares":true,"showImageEffects":true,"showParticleSystems":true},"in2DMode":false,"pivot":{"x":2.6257143020629885,"y":9.588788986206055,"z":1.8186864852905274},"rotation":{"x":-0.015309030190110207,"y":0.0005967183969914913,"z":-0.000009189542652165983,"w":-0.9998833537101746},"size":7.08090353012085,"orthographic":false}