{"cameraMode":{"drawMode":2,"name":"Shaded Wireframe","section":"Shading Mode"},"sceneLighting":true,"audioPlay":false,"sceneViewState":{"showFog":true,"showMaterialUpdate":false,"showSkybox":true,"showFlares":true,"showImageEffects":true,"showParticleSystems":true},"in2DMode":false,"pivot":{"x":9.259259223937989,"y":0.9074074029922485,"z":90.0},"rotation":{"x":-0.052775125950574878,"y":0.020067984238266946,"z":-0.001056210370734334,"w":-0.9984149932861328},"size":18.6605224609375,"orthographic":false}