{"cameraMode":{"drawMode":2,"name":"Shaded Wireframe","section":"Shading Mode"},"sceneLighting":true,"audioPlay":false,"sceneViewState":{"showFog":true,"showMaterialUpdate":false,"showSkybox":true,"showFlares":true,"showImageEffects":true,"showParticleSystems":true},"in2DMode":false,"pivot":{"x":-9.58335018157959,"y":-13.687392234802246,"z":91.43437194824219},"rotation":{"x":-0.0018095915438607336,"y":-0.009903427213430405,"z":0.000019325509128975682,"w":-0.9999555945396423},"size":38.40202331542969,"orthographic":false}