{"cameraMode":{"drawMode":2,"name":"Shaded Wireframe","section":"Shading Mode"},"sceneLighting":true,"audioPlay":false,"sceneViewState":{"showFog":true,"showMaterialUpdate":false,"showSkybox":true,"showFlares":true,"showImageEffects":true,"showParticleSystems":true},"in2DMode":false,"pivot":{"x":-12.425052642822266,"y":1.5610246658325196,"z":91.45001220703125},"rotation":{"x":-0.04229122772812843,"y":0.01708086021244526,"z":-0.0007215344812721014,"w":-0.9989669322967529},"size":25.74399757385254,"orthographic":false}