{"cameraMode":{"drawMode":2,"name":"Shaded Wireframe","section":"Shading Mode"},"sceneLighting":true,"audioPlay":false,"sceneViewState":{"showFog":true,"showMaterialUpdate":false,"showSkybox":true,"showFlares":true,"showImageEffects":true,"showParticleSystems":true},"in2DMode":false,"pivot":{"x":-8.731534957885743,"y":-7.392861366271973,"z":91.44012451171875},"rotation":{"x":-0.0018095915438607336,"y":-0.009903427213430405,"z":0.000019325509128975682,"w":-0.9999555945396423},"size":39.72543716430664,"orthographic":false}