{"cameraMode":{"drawMode":2,"name":"Shaded Wireframe","section":"Shading Mode"},"sceneLighting":true,"audioPlay":false,"sceneViewState":{"showFog":true,"showMaterialUpdate":false,"showSkybox":true,"showFlares":true,"showImageEffects":true,"showParticleSystems":true},"in2DMode":false,"pivot":{"x":-6.03350305557251,"y":-3.035747528076172,"z":91.40240478515625},"rotation":{"x":-0.0018095915438607336,"y":-0.009903427213430405,"z":0.000019325509128975682,"w":-0.9999555945396423},"size":58.9506950378418,"orthographic":false}