{"cameraMode":{"drawMode":2,"name":"Shaded Wireframe","section":"Shading Mode"},"sceneLighting":true,"audioPlay":false,"sceneViewState":{"showFog":true,"showMaterialUpdate":false,"showSkybox":true,"showFlares":true,"showImageEffects":true,"showParticleSystems":true},"in2DMode":false,"pivot":{"x":9.259259223937989,"y":0.9074074029922485,"z":90.0},"rotation":{"x":-0.010809529572725296,"y":0.003596956841647625,"z":-0.00003625638782978058,"w":-0.9999446272850037},"size":12.556748390197754,"orthographic":false}